{
    "AUTHORIZE REAL DEBRID": {
        "icon": "https://kodiapps.com/sharex/dllhost_2020-02-05_12-07-32.jpg",
        "items": [
            {
                "name": "Authorize 'FEN LIGHT' Real Debrid",
                "url": "RunPlugin(plugin://plugin.video.fenlight/?mode=real_debrid.authenticate)"
            },
            {
                "name": "Authorize 'RESOLVEURL' Real-Debrid",
                "url": "RunPlugin(plugin://script.module.resolveurl/?mode=auth_rd)"
            },

            {
                "name": "Authorize 'FEN LIGHT' Trakt",
                "url": "RunPlugin(plugin://plugin.video.fenlight/?mode=trakt.trakt_authenticate)"
            }
            ]
    },
    "REVOKE TRAKT & REAL DEBRID": {
        "icon": "https://techwiser.com/wp-content/uploads/2020/09/trakt-logo.png",
        "items": [
            {
                "name": "Revoke 'FEN LIGHT' Real-Debrid",
                "url": "RunPlugin(plugin://plugin.video.fenlight/?mode=real_debrid.revoke_authentication)"
            },
            {
                "name": "Revoke 'RESOLVEURL' Real-Debrid",
                "url": "RunPlugin(plugin://script.module.resolveurl/?mode=reset_rd)"
            },
            {
                "name": "Revoke FEN LIGHT Trakt",
                "url": "RunPlugin(plugin://plugin.video.fenlight/?mode=trakt.trakt_revoke_authentication)"
            }
        ]
    }
}
